-- phpMyAdmin SQL Dump
-- version 3.2.4
-- http://www.phpmyadmin.net
--
-- Host: localhost
-- Generation Time: Aug 03, 2011 at 11:52 PM
-- Server version: 5.0.91
-- PHP Version: 5.2.9

SET SQL_MODE="NO_AUTO_VALUE_ON_ZERO";


/*!40101 SET @OLD_CHARACTER_SET_CLIENT=@@CHARACTER_SET_CLIENT */;
/*!40101 SET @OLD_CHARACTER_SET_RESULTS=@@CHARACTER_SET_RESULTS */;
/*!40101 SET @OLD_COLLATION_CONNECTION=@@COLLATION_CONNECTION */;
/*!40101 SET NAMES utf8 */;

--
-- Database: `csi_simplecishop`
--

-- --------------------------------------------------------

--
-- Table structure for table `category`
--

CREATE TABLE IF NOT EXISTS `category` (
  `category_id` int(11) NOT NULL auto_increment,
  `parent_category_id` int(11) NOT NULL default '0',
  `nicename` varchar(100) NOT NULL default '',
  PRIMARY KEY  (`category_id`),
  KEY `parent_category_id` (`parent_category_id`)
) ENGINE=MyISAM  DEFAULT CHARSET=utf8 AUTO_INCREMENT=8 ;

--
-- Dumping data for table `category`
--

INSERT INTO `category` (`category_id`, `parent_category_id`, `nicename`) VALUES
(1, 0, 'cooling'),
(2, 0, 'clean'),
(3, 0, 'quiet'),
(4, 0, 'cpu'),
(5, 0, 'hard_disk'),
(6, 0, 'system'),
(7, 0, 'discounts');

-- --------------------------------------------------------

--
-- Table structure for table `category_text`
--

CREATE TABLE IF NOT EXISTS `category_text` (
  `category_text_id` int(11) NOT NULL auto_increment,
  `category_id` int(11) NOT NULL default '0',
  `language` varchar(20) default NULL,
  `name` varchar(50) default NULL,
  `description` text,
  PRIMARY KEY  (`category_text_id`),
  KEY `category_id` (`category_id`)
) ENGINE=MyISAM  DEFAULT CHARSET=utf8 AUTO_INCREMENT=22 ;

--
-- Dumping data for table `category_text`
--

INSERT INTO `category_text` (`category_text_id`, `category_id`, `language`, `name`, `description`) VALUES
(1, 1, 'greek', 'Δροσιστικό', ''),
(2, 1, 'german', 'Kühl', ''),
(3, 1, 'english', 'Cooling', ''),
(4, 2, 'greek', 'Καθαρό', ''),
(5, 2, 'german', 'Sauber', ''),
(6, 2, 'english', 'Clean', ''),
(7, 3, 'greek', 'Ήσυχο', ''),
(8, 3, 'german', 'Ruhig', ''),
(9, 3, 'english', 'Quiet', ''),
(10, 4, 'greek', 'Για Επεξεργαστή', ''),
(11, 4, 'german', 'Für CPU', ''),
(12, 4, 'english', 'For CPU', ''),
(13, 5, 'greek', 'Για Σκληρό Δίσκο', ''),
(14, 5, 'german', 'Für HDD', ''),
(15, 5, 'english', 'For HDD', ''),
(16, 6, 'greek', 'Για το Κουτί', ''),
(17, 6, 'german', 'Für das Gehäuse', ''),
(18, 6, 'english', 'For the Chassis', ''),
(19, 7, 'greek', '*Προσφορές*', 'Οι Προσφορές είναι προσωρινές και ανανεώνονται συνεχώς. Μείνετε συντονισμένοι !'),
(20, 7, 'german', '*Angebote*', ''),
(21, 7, 'english', '*Discounts*', '');

-- --------------------------------------------------------

--
-- Table structure for table `coupon`
--

CREATE TABLE IF NOT EXISTS `coupon` (
  `coupon_id` int(11) NOT NULL auto_increment,
  `coupon_number` varchar(100) NOT NULL default '',
  `used` int(1) NOT NULL default '0',
  `type` int(1) NOT NULL default '0',
  `discount` int(5) NOT NULL default '0',
  `expires` int(10) default NULL,
  PRIMARY KEY  (`coupon_id`),
  UNIQUE KEY `coupon_number` (`coupon_number`)
) ENGINE=MyISAM DEFAULT CHARSET=utf8 AUTO_INCREMENT=1 ;

--
-- Dumping data for table `coupon`
--


-- --------------------------------------------------------

--
-- Table structure for table `news`
--

CREATE TABLE IF NOT EXISTS `news` (
  `news_id` int(11) NOT NULL auto_increment,
  `published` int(10) default NULL,
  PRIMARY KEY  (`news_id`)
) ENGINE=MyISAM DEFAULT CHARSET=utf8 AUTO_INCREMENT=1 ;

--
-- Dumping data for table `news`
--


-- --------------------------------------------------------

--
-- Table structure for table `news_text`
--

CREATE TABLE IF NOT EXISTS `news_text` (
  `news_text_id` int(11) NOT NULL auto_increment,
  `news_id` int(11) NOT NULL default '0',
  `language` varchar(20) default NULL,
  `title` varchar(50) default NULL,
  `description` text,
  PRIMARY KEY  (`news_text_id`),
  KEY `news_id` (`news_id`)
) ENGINE=MyISAM DEFAULT CHARSET=utf8 AUTO_INCREMENT=1 ;

--
-- Dumping data for table `news_text`
--


-- --------------------------------------------------------

--
-- Table structure for table `order`
--

CREATE TABLE IF NOT EXISTS `order` (
  `order_id` bigint(20) unsigned NOT NULL auto_increment,
  `user_id` bigint(20) NOT NULL default '0',
  `date_created` int(11) NOT NULL default '0',
  `status` int(11) NOT NULL default '0',
  `shipment_express` int(1) NOT NULL default '0',
  `shipment_to_door` int(1) NOT NULL default '0',
  `shipment_cash_on_delivery` int(1) NOT NULL default '0',
  `price` decimal(11,2) NOT NULL default '0.00',
  `coupon_id` int(11) NOT NULL default '0',
  `questionnaire` text,
  PRIMARY KEY  (`order_id`),
  KEY `user_id` (`user_id`)
) ENGINE=MyISAM  DEFAULT CHARSET=utf8 AUTO_INCREMENT=62 ;

--
-- Dumping data for table `order`
--

INSERT INTO `order` (`order_id`, `user_id`, `date_created`, `status`, `shipment_express`, `shipment_to_door`, `shipment_cash_on_delivery`, `price`, `coupon_id`, `questionnaire`) VALUES
(7, 7, 1181491136, 2, 0, 0, 1, 14.00, 0, 'Σχόλια<br />\nΑπο που μας βρήκες<br />\n<br />\n');

-- --------------------------------------------------------

--
-- Table structure for table `order2product`
--

CREATE TABLE IF NOT EXISTS `order2product` (
  `relation_id` bigint(20) NOT NULL auto_increment,
  `order_id` bigint(20) NOT NULL default '0',
  `product_id` bigint(20) NOT NULL default '0',
  `quantity` int(11) NOT NULL default '0',
  PRIMARY KEY  (`relation_id`),
  KEY `order_id` (`order_id`),
  KEY `product_id` (`product_id`)
) ENGINE=MyISAM  DEFAULT CHARSET=utf8 AUTO_INCREMENT=56 ;

--
-- Dumping data for table `order2product`
--

INSERT INTO `order2product` (`relation_id`, `order_id`, `product_id`, `quantity`) VALUES
(7, 7, 13, 3);

-- --------------------------------------------------------

--
-- Table structure for table `product`
--

CREATE TABLE IF NOT EXISTS `product` (
  `product_id` int(11) NOT NULL auto_increment,
  `nicename` varchar(100) NOT NULL default '',
  `stock` int(11) NOT NULL default '0',
  `published` int(10) default NULL,
  PRIMARY KEY  (`product_id`),
  UNIQUE KEY `nicename` (`nicename`)
) ENGINE=MyISAM  DEFAULT CHARSET=utf8 AUTO_INCREMENT=21 ;

--
-- Dumping data for table `product`
--

INSERT INTO `product` (`product_id`, `nicename`, `stock`, `published`) VALUES
(2, 'intel-cpu-cooler-lga775', 0, 1177401770),
(3, 'real-silent-case-fan-80mm', 0, 1177403210),
(4, 'real-silent-case-fan-92mm', 0, 1177404749),
(5, 'real-silent-case-fan-120mm-orange', 0, 1177405042),
(6, 'real-silent-case-fan-120mm-black-white', 0, 1177405149),
(7, 'frizzbee-inaudible-hdd-cooler', 2, 1177406104),
(8, 'memory-heatspreader-nickel', 0, 1177427455),
(9, 'memory-heatspreader-blue', 1, 1177428448),
(10, 'memory-heatspreader-copper', 0, 1177428593),
(11, 'noise-reduction-cable', 3, 1177428945),
(12, 'real-soft-silicon-fan-mounts', 0, 1177429648),
(13, 'thermal-compound', 0, 1177430035),
(14, 'disktwin-stop-hdd-vibration-aluminium', 0, 1177440076),
(15, 'disktwin-stop-hdd-vibration-black', 0, 1177440197),
(16, 'ultimate-noise-absorption-material', 6, 1177492585),
(17, 'anti-vibration-mounting-kit', 0, 1177496191),
(18, 'summer-offer-cool', 0, 1182421239),
(19, 'summer-offer-cool-2', 0, 1182498274),
(20, 'summer-offer-quiet', 0, 1182502595);

-- --------------------------------------------------------

--
-- Table structure for table `product2category`
--

CREATE TABLE IF NOT EXISTS `product2category` (
  `relation_id` bigint(20) NOT NULL auto_increment,
  `product_id` int(11) NOT NULL default '0',
  `category_id` int(11) NOT NULL default '0',
  PRIMARY KEY  (`relation_id`),
  KEY `product_id` (`product_id`,`category_id`)
) ENGINE=MyISAM  DEFAULT CHARSET=utf8 AUTO_INCREMENT=230 ;

--
-- Dumping data for table `product2category`
--

INSERT INTO `product2category` (`relation_id`, `product_id`, `category_id`) VALUES
(190, 2, 1),
(191, 2, 3),
(192, 2, 4),
(187, 3, 1),
(188, 3, 3),
(189, 3, 6),
(195, 4, 6),
(194, 4, 3),
(193, 4, 1),
(196, 5, 1),
(197, 5, 3),
(198, 5, 6),
(199, 6, 1),
(200, 6, 3),
(201, 6, 6),
(225, 7, 1),
(226, 7, 3),
(227, 7, 5),
(207, 8, 1),
(206, 9, 1),
(208, 10, 1),
(210, 11, 6),
(209, 11, 3),
(212, 12, 6),
(211, 12, 3),
(165, 13, 1),
(166, 13, 4),
(218, 14, 5),
(217, 14, 3),
(216, 14, 1),
(215, 15, 5),
(214, 15, 3),
(213, 15, 1),
(228, 16, 3),
(229, 16, 6),
(224, 17, 6),
(223, 17, 5),
(222, 17, 4),
(221, 17, 3),
(186, 18, 7),
(183, 19, 7),
(185, 20, 7);

-- --------------------------------------------------------

--
-- Table structure for table `product_image`
--

CREATE TABLE IF NOT EXISTS `product_image` (
  `product_image_id` int(11) NOT NULL auto_increment,
  `product_id` int(11) NOT NULL default '0',
  `title` varchar(50) default NULL,
  `thumb` varchar(250) default NULL,
  `big` varchar(250) default NULL,
  `main` int(1) default NULL,
  PRIMARY KEY  (`product_image_id`),
  KEY `product_id` (`product_id`)
) ENGINE=MyISAM  DEFAULT CHARSET=utf8 AUTO_INCREMENT=40 ;

--
-- Dumping data for table `product_image`
--

INSERT INTO `product_image` (`product_image_id`, `product_id`, `title`, `thumb`, `big`, `main`) VALUES
(10, 2, 'pht7750_illustration', 'images/11774017715_thumb.jpg', 'images/11774017715.jpg', 0),
(9, 2, 'pht7750_top2', 'images/11774017714_thumb.gif', 'images/11774017714.gif', 0),
(8, 2, 'pht7750_b', 'images/11774017713_thumb.gif', 'images/11774017713.gif', 0),
(7, 2, 'pht7750_a', 'images/11774017702_thumb.gif', 'images/11774017702.gif', 0),
(6, 2, 'pht7750_c', 'images/11774017701_thumb.gif', 'images/11774017701.gif', 1),
(11, 3, 'Nexus-80mmcasefan', 'images/11774032111_thumb.gif', 'images/11774032111.gif', 1),
(12, 3, '80mm_casefan_connectors', 'images/11774032112_thumb.gif', 'images/11774032112.gif', 0),
(13, 4, 'Nexus-92mmcasefan', 'images/11774047491_thumb.jpg', 'images/11774047491.jpg', 1),
(14, 4, '80mm_casefan_connectors', 'images/11774047502_thumb.gif', 'images/11774047502.gif', 0),
(15, 5, 'Nexus-120mmcasefanORANGE', 'images/11774050421_thumb.jpg', 'images/11774050421.jpg', 1),
(16, 5, '80mm_casefan_connectors', 'images/11774050432_thumb.gif', 'images/11774050432.gif', 0),
(17, 6, 'Nexus-120mmcasefanBlackANDW', 'images/11774051491_thumb.jpg', 'images/11774051491.jpg', 1),
(18, 6, '80mm_casefan_connectors', 'images/11774051502_thumb.gif', 'images/11774051502.gif', 0),
(19, 7, 'frizzbee', 'images/11774061041_thumb.jpg', 'images/11774061041.jpg', 1),
(20, 7, 'Frizzbee_Pack', 'images/11774061052_thumb.jpg', 'images/11774061052.jpg', 0),
(21, 8, 'Nexus-heatspreader-CU-nicke', 'images/11774274561_thumb.jpg', 'images/11774274561.jpg', 1),
(22, 9, 'Nexus-heatspreader-alublue', 'images/11774284481_thumb.jpg', 'images/11774284481.jpg', 1),
(23, 10, 'Nexus-heatspreader-CU', 'images/11774285941_thumb.jpg', 'images/11774285941.jpg', 1),
(24, 11, 'nrc1000_web_big', 'images/11774289461_thumb.jpg', 'images/11774289461.jpg', 1),
(25, 12, 'sfm1000_topimage', 'images/11774296491_thumb.jpg', 'images/11774296491.jpg', 1),
(26, 12, 'sfm_installation', 'images/11774296492_thumb.jpg', 'images/11774296492.jpg', 0),
(27, 13, 'thermal_compound', 'images/11774300351_thumb.jpg', 'images/11774300351.jpg', 1),
(28, 14, 'Nexus-DiskTwin-Alu', 'images/11774400761_thumb.jpg', 'images/11774400761.jpg', 1),
(29, 14, 'disktwin2', 'images/11774400772_thumb.jpg', 'images/11774400772.jpg', 0),
(30, 15, 'Nexus-DiskTwin-Black', 'images/11774401971_thumb.jpg', 'images/11774401971.jpg', 1),
(31, 15, 'disktwin2', 'images/11774401982_thumb.jpg', 'images/11774401982.jpg', 0),
(32, 16, 'damptek_mats', 'images/11774925861_thumb.jpg', 'images/11774925861.jpg', 1),
(33, 16, 'damptek_graph', 'images/11774925862_thumb.jpg', 'images/11774925862.jpg', 0),
(34, 17, 'Nexus-mountingkit', 'images/11775768271_thumb.jpg', 'images/11775768271.jpg', 1),
(38, 19, 'summer_offer_cool2', 'images/11824982751_thumb.jpg', 'images/11824982751.jpg', 1),
(37, 18, 'summer_offer_cool1', 'images/11824216741_thumb.jpg', 'images/11824216741.jpg', 1),
(39, 20, 'summer_offer_quiet', 'images/11825025951_thumb.jpg', 'images/11825025951.jpg', 1);

-- --------------------------------------------------------

--
-- Table structure for table `product_meta`
--

CREATE TABLE IF NOT EXISTS `product_meta` (
  `meta_id` bigint(20) NOT NULL auto_increment,
  `product_id` bigint(20) NOT NULL default '0',
  `meta_key` varchar(255) default NULL,
  `meta_value` longtext,
  PRIMARY KEY  (`meta_id`),
  KEY `product_id` (`product_id`),
  KEY `meta_key` (`meta_key`)
) ENGINE=MyISAM  DEFAULT CHARSET=utf8 AUTO_INCREMENT=118 ;

--
-- Dumping data for table `product_meta`
--

INSERT INTO `product_meta` (`meta_id`, `product_id`, `meta_key`, `meta_value`) VALUES
(96, 2, 'cooling', '1'),
(95, 2, 'quiet', '1'),
(94, 3, 'cooling', '1'),
(97, 4, 'cooling', '1'),
(105, 8, 'cooling', '1'),
(104, 9, 'cooling', '1'),
(106, 10, 'cooling', '1'),
(107, 11, 'quiet', '1'),
(108, 12, 'quiet', '1'),
(88, 13, 'cooling', '1'),
(109, 15, 'cooling', '1'),
(111, 14, 'cooling', '1'),
(117, 16, 'quiet', '1'),
(99, 5, 'cooling', '1'),
(114, 17, 'quiet', '1'),
(93, 3, 'quiet', '1'),
(98, 4, 'quiet', '1'),
(100, 5, 'quiet', '1'),
(115, 7, 'cooling', '1'),
(110, 15, 'quiet', '1'),
(112, 14, 'quiet', '1'),
(116, 7, 'quiet', '1');

-- --------------------------------------------------------

--
-- Table structure for table `product_text`
--

CREATE TABLE IF NOT EXISTS `product_text` (
  `product_text_id` int(11) NOT NULL auto_increment,
  `product_id` int(11) NOT NULL default '0',
  `language` varchar(20) default NULL,
  `title` varchar(150) default NULL,
  `description` text,
  `price_old` decimal(11,2) default NULL,
  `price` decimal(11,2) default NULL,
  PRIMARY KEY  (`product_text_id`),
  KEY `product_id` (`product_id`)
) ENGINE=MyISAM  DEFAULT CHARSET=utf8 AUTO_INCREMENT=61 ;

--
-- Dumping data for table `product_text`
--

INSERT INTO `product_text` (`product_text_id`, `product_id`, `language`, `title`, `description`, `price_old`, `price`) VALUES
(4, 2, 'greek', 'Ψύκτρα για επεξεργαστές Intel - LGA775', '<h3>Intel CPU Cooler - Ψύκτρα για επεξεργαστές Intel </h3>\n<p>Η ψύκτρα PHT-7750 SkiveTek&#160; Radial της Nexus είναι όλη από <strong>χαλκό</strong>, με την τεχνολογία SkiveTek και πυρήνα επίσης από <strong>χαλκό</strong>. </p>\n<p> Η ψύκτρα παράγεται χρησιμοποιώντας την τεχνολογία <strong>SkiveTek </strong> για να επιτευχθεί η <strong>καλύτερη δυνατή ψύξη</strong>. Η βάση του SkiveTek είναι λυγισμένη γύρω από τον χάλκινο πυρήνα για να δημιουργεί το Ακτινωτό αποτέλεσμα και να βελτιστοποιεί την επιφάνεια ψύξης.</p>\n<p>Ο ανεμιστήρας της PHT-7750 είναι πραγματικά αθόρυβος 4-καλωδίων ελεγχόμενος από PWM (pulse width modulation). Η ταχύτητα του μπορεί να ρυθμιστεί μέσω της μητρικής πλακέτας και μπορεί να κυμανθεί ανάμεσα στις <strong>800 και 2600 στροφές ανα λεπτό </strong>. </p>\n<p> Λόγω της εξαιρετικά καλής επίδοσης της ψύκτρας ο ανεμιστήρας χρειάζεται πολύ λιγότερη ροή αέρα/ταχύτητα για να ψύξει επαρκώς τον επεξεργαστή. Ως αποτέλεσμα <strong>πολύ ήσυχη λειτουργία</strong>.</p>\n<h4>Χαρακτηριστικα:</h4>\n<p>Κατάλληλη για  Intel Socket T LGA775 Ο ανεμιστήρας της PHT-7750 είναι πραγματικά αθόρυβος, μετριέται ανάμεσα στα 17 dB(A) και 28db(A). Η ροή αέρα (airflow) κυμαίνεται ανάμεσα σε 8.29 CFM - 43.15 CFM</p>\n<h4>Προδιαγραφές ανεμστήρα:</h4>\n<p> Ο ανεμιστήρας που είναι ενσωματωμένος στην PHT-7750 είναι 4-καλωδίων με μεταβλητή ταχύτητα. Ο ανεμιστήρας ελέγχεται από τη μητρική του υπολογιστή σου και γυρνά με 30% περίπου της μέγιστης ταχύτητας στην εκκίνηση του συστήματος. Αυτές οι στροφές/λεπτό συνεχίζουν για περίπου 2 δεύτερα και μετά η μητρική αναλαμβάνει τον έλεγχο.</p>\n<h4> Βελτιωμένη έκδοση Intel 1.2</h4>\n<p>Ο ανεμιστήρας φτιάχνεται σύμφωνα με τις προδιαγραφές της Intel σχετικά με τους 4-καλωδίων PWM ελεγχόμενων ανεμιστήρων έκδοσης 1.2. Η βελτιωμένη έκδοση σημαίνει πως αν ο ανεμιστήρας δεν λάβει καμία πληροφορία σχετικά με τον έλεγχο των στροφών, τότε θα γυρίζει με τη μέγιστη ταχύτητα για λόγους ασφαλείας.</p>\n<h4>Προδιαγραφές:</h4>\n<p>- Μοντέλο: PHT-7750<br />\n- Socket: LGA775 <br />\n- Βάρος: 850 γραμμάρια<br />\n</p>\n<h4>Ανεμιστήρας:</h4>\n<p> - Διαστάσεις: 80x80x25 mm <br />\n- Ταχύτητα περιστροφής: 800~2600 στροφές/λεπτό (+/-10%) <br />\n- Επίπεδο θορύβου: 17~28 dB(A) <br />\n- Ροή αέρα: 8.29~43.15CFM <br />\n- Εγγύηση:                    <strong>3 Χρόνια</strong><strong></strong></p>', 50.00, 35.00),
(5, 2, 'german', '', '', 0.00, 0.00),
(6, 2, 'english', '', '', 0.00, 0.00),
(7, 3, 'greek', 'Πραγματικά Ήσυχος Ανεμιστήρας - 80mm', 'Ο ανεμιστήρας των 80mm της Nexus είναι η απόλυτη λύση για να δώσεις εξτρά πνοή αέρα στο ήσυχο σύστημά σου. Δε απεχθάνεσαι τη στιγμή που όταν φτιάξεις ένα ωραίο και ήσυχο σύστημα τελικά αποδεικνύεται πως η θερμότητα που παράγει το hardware είναι τόση πολή που οι θερμοκρασίες στο σύστημά σου φτάνουν στα ύψη; Τότε ο ανεμιστήρας της Nexus, Πραγματικά Αθόρυβος ανεμιστήρας, είναι η λύση για σένα. Παρέχει αυτή την έξτρα ροή αέρα που χρειάζεται ο υπολογιστής σου, χωρίς να καταλαβαίνεις πως λειτουργεί.\n<p>Ο 80mm ανεμιστήρας της Nexus, Πραγματικά Αθόρυβος ανεμιστήρας, είναι εξοπλισμένος με 4-pin καλώδιο δύο πλευρών και ένα συνδετήρα 3-pin για σύνδεση με την μητρική. Αυτό σου επιτρέπει να συνδέσεις τον ανεμιστήρα στο κουτί απ'' ευθείας στο τροφοδοτικό ή στη μητρική.<br />\n</p>\n<h4>   Χαρακτηριστικά:</h4>\n<p> 1500 στροφές/λεπτό <br />\n<br />\nΜεγάλο επίπεδο ροής αέρα, 20.2 CFM <br />\n<br />\nΟ 80mm ανεμιστήρας της Nexus, Πραγματικά Αθόρυβος ανεμιστήρας, παράγει μονάχα 17.6 dB(A) θόρυβο. Η τιμή αυτή είναι αποτέλεσμα αρκετών τεστ σε ειδικό θάλαμο ακολουθώντας τα υψηλότερα στάνταρ. Συγκρίναμε τον συγκεκριμένο ανεμιστήρα με τους πιο ήσυχους της αγοράς και δεν βρήκαμε άλλον πιο ήσυχο!</p>\n<h4>Προδιαγραφές: </h4>\n<p> </p>\n<p>- Μοντέλο: SP802512L-03<br />\n<br />\n- Διαστάσεις: 80x80x25mm <br />\n- Εκδόσεις: Μαύρο <br />\n- Βάρος: 85 γραμμάρια <br />\n- Τροφοδοσία: 12 Volt<br />\n- Ταχύτητα περιστροφής: 1500 στροφές/λεπτό <br />\n- Ακουστικός θόρυβος: <strong>17.6 dB(A)</strong> <br />\n- Ροή αέρα: 20.2CFM <br />\n- Εγγύηση:                    <strong>3 Χρόνια</strong><strong></strong> </p>', 8.00, 4.00),
(8, 3, 'german', '', '', 0.00, 0.00),
(9, 3, 'english', '', '', 0.00, 0.00),
(10, 4, 'greek', 'Πραγματικά Ήσυχος Ανεμιστήρας - 92mm', 'Ο ανεμιστήρας των 92mm της Nexus είναι η απόλυτη λύση για να δώσεις εξτρά πνοή αέρα στο ήσυχο σύστημά σου. Δε απεχθάνεσαι τη στιγμή που όταν φτιάξεις ένα ωραίο και ήσυχο σύστημα τελικά αποδεικνύεται πως η θερμότητα που παράγει το hardware είναι τόση πολή που οι θερμοκρασίες στο σύστημά σου φτάνουν στα ύψη; Τότε ο ανεμιστήρας της Nexus, Πραγματικά Αθόρυβος ανεμιστήρας, είναι η λύση για σένα. Ο ανεμιστήρας των 92mm παρέχει τεράστια ροή αέρα, χωρίς να καταλαβαίνεις πως λειτουργεί.\n<p>Ο 92mm ανεμιστήρας της Nexus, Πραγματικά Αθόρυβος ανεμιστήρας, είναι εξοπλισμένος με 4-pin καλώδιο δύο πλευρών και ένα συνδετήρα 3-pin για σύνδεση με την μητρική. Αυτό σου επιτρέπει να συνδέσεις τον ανεμιστήρα στο κουτί απ'' ευθείας, στο τροφοδοτικό ή στη μητρική.</p>\n<h4>Χαρακτηριστικά:</h4>\n<p>   1500 στροφές/λεπτό <br />\n<br />\nΜεγάλο επίπεδο ροής αέρα, 27 CFM <br />\n<br />\nΟ 92mm ανεμιστήρας της Nexus, Πραγματικά Αθόρυβος ανεμιστήρας, παράγει μονάχα 19.2 dB(A) θόρυβο. Η τιμή αυτή είναι αποτέλεσμα αρκετών τεστ σε ειδικό θάλαμο ακολουθώντας τα υψηλότερα στάνταρ. Συγκρίναμε τον συγκεκριμένο ανεμιστήρα με τους πιο ήσυχους της αγοράς και δεν βρήκαμε άλλον πιο ήσυχο!<br />\n</p>\n<h4>   Προδιαγραφές: </h4>\n<p> </p>\n<p>- Μοντέλο: DF1209SL-3<br />\n<br />\n- Διαστάσεις: 92x92x25mm <br />\n- Εκδόσεις: Μαύρο <br />\n- Βάρος: 98.5 γραμμάρια <br />\n- Τροφοδοσία: 12 Volt<br />\n- Ταχύτητα περιστροφής: 1500 στροφές/λεπτό <br />\n- Ακουστικός θόρυβος: <strong>19.2 dB(A)</strong><br />\n- Ροή αέρα: 27CFM <br />\n- Εγγύηση:                    <strong>3 Χρόνια</strong><strong></strong></p>', 10.50, 7.00),
(11, 4, 'german', '', '', 0.00, 0.00),
(12, 4, 'english', '', '', 0.00, 0.00),
(13, 5, 'greek', 'Πραγματικά Ήσυχος Ανεμιστήρας - 120mm - Πορτοκαλί', '<p> Ο ανεμιστήρας των 120mm της Nexus είναι η απόλυτη λύση για να δώσεις εξτρά πνοή αέρα στο ήσυχο σύστημά σου. Δε απεχθάνεσαι τη στιγμή που όταν φτιάξεις ένα ωραίο και ήσυχο σύστημα τελικά αποδεικνύεται πως η θερμότητα που παράγει το hardware είναι τόση πολή που οι θερμοκρασίες στο σύστημά σου φτάνουν στα ύψη; Τότε ο ανεμιστήρας της Nexus, Πραγματικά Αθόρυβος ανεμιστήρας, είναι η λύση για σένα. Ο ανεμιστήρας των 120mm παρέχει <strong>μαζική </strong>ροή αέρα, χωρίς να καταλαβαίνεις πως λειτουργεί.</p>\n<p>Ο 120mm ανεμιστήρας της Nexus, Πραγματικά Αθόρυβος ανεμιστήρας, είναι εξοπλισμένος με 4-pin καλώδιο δύο πλευρών και ένα συνδετήρα 3-pin για σύνδεση με την μητρική. Αυτό σου επιτρέπει να συνδέσεις τον ανεμιστήρα στο κουτί απ'' ευθείας στο τροφοδοτικό ή στη μητρική.</p>\n<h4>Χαρακτηριστικά:</h4>\n<p><br />\n1000 στροφές/λεπτό <br />\n<br />\nΜεγάλο επίπεδο ροής αέρα, <strong>36.87 CFM </strong><br />\n<br />\nΟ 120mm ανεμιστήρας της Nexus, Πραγματικά Αθόρυβος ανεμιστήρας, παράγει μονάχα 22.98 dB(A) θόρυβο. Η τιμή αυτή είναι αποτέλεσμα αρκετών τεστ σε ειδικό θάλαμο ακολουθώντας τα υψηλότερα στάνταρ. Συγκρίναμε τον συγκεκριμένο ανεμιστήρα με τους πιο ήσυχους της αγοράς και δεν βρήκαμε άλλον πιο ήσυχο!<br />\n<br />\n</p>\n<h4>   Προδιαγραφές: </h4>\n<p> </p>\n<p>- Μοντέλο: D12SL-12 OR<br />\n<br />\n- Διαστάσεις: 120x120x25mm <br />\n- Βάρος: 123 γραμμάρια <br />\n- Τροφοδοσία: 12 Volt<br />\n- Ταχύτητα περιστροφής: 1000 στροφές/λεπτό <br />\n- Ακουστικός θόρυβος: <strong>22.98 dB(A) </strong><br />\n- Ροή αέρα: <strong>36.87CFM</strong> <br />\n- Εγγύηση:                    <strong>3 Χρόνια</strong><strong></strong></p>', 12.50, 9.00),
(14, 5, 'german', '', '', 0.00, 0.00),
(15, 5, 'english', '', '', 0.00, 0.00),
(16, 6, 'greek', 'Πραγματικά Ήσυχος Ανεμιστήρας - 120mm - Μαύρο/Άσπρο', '<p> Ο ανεμιστήρας των 120mm της Nexus είναι η απόλυτη λύση για να δώσεις εξτρά πνοή αέρα στο ήσυχο σύστημά σου. Δε απεχθάνεσαι τη στιγμή που όταν φτιάξεις ένα ωραίο και ήσυχο σύστημα τελικά αποδεικνύεται πως η θερμότητα που παράγει το hardware είναι τόση πολή που οι θερμοκρασίες στο σύστημά σου φτάνουν στα ύψη; Τότε ο ανεμιστήρας της Nexus, Πραγματικά Αθόρυβος ανεμιστήρας, είναι η λύση για σένα. Ο ανεμιστήρας των 120mm παρέχει <strong>μαζική </strong>ροή αέρα, χωρίς να καταλαβαίνεις πως λειτουργεί.</p>\n<p>Ο 120mm ανεμιστήρας της Nexus, Πραγματικά Αθόρυβος ανεμιστήρας, είναι εξοπλισμένος με 4-pin καλώδιο δύο πλευρών και ένα συνδετήρα 3-pin για σύνδεση με την μητρική. Αυτό σου επιτρέπει να συνδέσεις τον ανεμιστήρα στο κουτί απ'' ευθείας στο τροφοδοτικό ή στη μητρική.</p>\n<h4>Χαρακτηριστικά:<br />\n</h4>\n<p> 1000 στροφές/λεπτό <br />\n<br />\nΜεγάλο επίπεδο ροής αέρα, <strong>36.87 CFM </strong><br />\n<br />\nΟ 120mm ανεμιστήρας της Nexus, Πραγματικά Αθόρυβος ανεμιστήρας, παράγει μονάχα 22.98 dB(A) θόρυβο. Η τιμή αυτή είναι αποτέλεσμα αρκετών τεστ σε ειδικό θάλαμο ακολουθώντας τα υψηλότερα στάνταρ. Συγκρίναμε τον συγκεκριμένο ανεμιστήρα με τους πιο ήσυχους της αγοράς και δεν βρήκαμε άλλον πιο ήσυχο!<br />\n</p>\n<h4>   Προδιαγραφές: </h4>\n<p> </p>\n<p>- Μοντέλο: D12SL-12 BW<br />\n<br />\n- Διαστάσεις: 120x120x25mm <br />\n- Βάρος: 123 γραμμάρια <br />\n- Τροφοδοσία: 12 Volt<br />\n- Ταχύτητα περιστροφής: 1000 στροφές/λεπτό <br />\n- Ακουστικός θόρυβος: <strong>22.98 dB(A) </strong><br />\n- Ροή αέρα: <strong>36.87CFM</strong> <br />\n- Εγγύηση:                    <strong>3 Χρόνια</strong><strong></strong></p>', 13.00, 9.00),
(17, 6, 'german', '', '', 0.00, 0.00),
(18, 6, 'english', '', '', 0.00, 0.00),
(19, 7, 'greek', 'Frizzbee - ΔΕΝ ΑΚΟΥΓΕΤΑΙ !', '<h3>Ψύξη Σκληρού Δίσκου</h3>\n<p>Ο ΑΘΟΡΥΒΟΣ ανεμιστήρας Frizzbee της Nexus για σκληρούς δίσκους είναι η απόλυτη λύση για να ρίξεις τη θερμοκρασίες του σκληρού σου δίσκου, χωρίς να κάνεις το σύστημά σου θορυβώδες. Γιαυτό ο Frizzbee είναι εντελώς αθόρυβος.</p>\n<p>Οι σύγχρονοι σκληροί δίσκοι τρέχουν γρηγορότερα και παράγουν έτσι περισσότερη θερμότητα. Η εξτρά ψύξη μπορεί να γίνει απαραίτητη, αλλά δεν χρειάζεται να κάνεις το σύστημά σου θορυβώδες.</p>\n<p>Ο Frizzbee είναι τελείως αθόρυβος ανεμιστήρας για σκληρούς δίσκους που παρέχει εξαιρετική ροή αέρα και ψύξη για το δίσκο σου. Η χαμηλότερη θερμοκρασία του δίσκου σημαίνει και μεγαλύτερη διάρκεια ζωής του καθώς και άψογη λειτουργία.</p>\n<h4>Χαρακτηριστικά:<br />\n</h4>\n<p>   ΔΕΝ ΑΚΟΥΓΕΤΑΙ ! </p>\n<p>Ο Frizzbee είναι τόσο ήσυχος που είναι αδύνατο να δείξει η συσκευή τα dB(A) .... Απλά δεν ακούγεται!*</p>\n<p>* Σημείωσε:<br />\nΌταν ο Frizzbee πέρασε από έλεγχο θορύβου, αυτό έγινε σε ένα θάλαμο με πιστοποίηση ISO για ελέγχους θορύβων. Είναι σημαντικό να ξέρεις πως ο θόρυβος του περιβάλλοντος σε ένα τέτοιο δωμάτιο είναι λίγο πάνω από 15 dB(A). Αυτές είναι οι καλύτερες δυνατές συνθήκες για τα τεστ. Οι τιμές που παρέχουμε είναι από πραγματικά τεστ. Μπορούμε να είμαστε περισσότερο αξιόπιστοι; Κρίνε το εσύ. </p>\n<h4> Εύκολη εγκατάσταση:</h4>\n<p>Η εγκατάσταση του Frizzbee είναι πανεύκολη, χρειάζονται μόνο 2 βίδες για να τον στερεώσεις στον σκληρό σου δίσκου, βυσμάτωσε το καλώδιο στο τροφοδοτικό και έτοιμος.</p>\n<h4>Προδιαγραφές:<br />\n</h4>\n<p>- Μοντέλο: FRZ-3500<br />\n<br />\n- Διαστάσεις: 101.6x94.6x17.8mm<br />\n- Διαστάσεις ανεμιστήρα: 60x60x15 mm<br />\n- Τύπος ρουλεμάν: Sleeve Bearing<br />\n- Τροφοδοσία: 12 Volt<br />\n- Ταχύτητα περιστροφής: 1500 στροφές/λεπτό <br />\n- Ακουστικός θόρυβος: <strong>Δεν ακούγεται! (&lt;15 dB(A))</strong><br />\n- Ροή αέρα: 6.4CFM <br />\n- Εγγύηση:                    <strong>3 Χρόνια</strong><strong></strong></p>', 18.00, 10.00),
(20, 7, 'german', '', '', 0.00, 0.00),
(21, 7, 'english', '', '', 18.00, 0.00),
(22, 8, 'greek', 'Heatspreader (ψύκτρα) μνήμης νίκελ', 'Με το heatspreader, δηλαδή απλωτής θερμότητας (ελεύθερη μετάφραση) ή αλλιώς ψύκτρα μνήμης, βελτιώνεις την απώλεια της θερμότητας που παράγουν τα τσιπάκια της μνήμης. Λιγότερη θερμότητα σημαίνει πιο σταθερή λειτουργία και λιγότερα σφάλματα. Η ψύκτρα μνημών της Nexus είναι διαθέσιμη σε πολλά χρώματα.\n<p>Συμβατή με όλα τα στάνταρ    SDR / DDR SDRAM. </p>\n<p>Έρχεται σε διάφορα χρώματα σε αλουμινίο και ολόχαλκη.</p>\n<h4>Προδιαγραφές:<br />\n</h4>\n<p>   - Αριθμός μοντέλου: HSP-350NI (Χάλκινη, νικελωμένη που καθρεφτίζει) <br />\n- Διαστάσεις: 125x25 mm<br />\n- Μνήμη: SDRAM και DDR<br />\n- Βάρος: 70 γραμμάρια<br />\n- Εγγύηση:                    <strong>3 Χρόνια</strong> </p>', 11.50, 6.00),
(23, 8, 'german', '', '', 0.00, 0.00),
(24, 8, 'english', '', '', 11.50, 0.00),
(25, 9, 'greek', 'Heatspreader (ψύκτρα) μνήμης μπλε', 'Με το heatspreader, δηλαδή απλωτής θερμότητας (ελεύθερη μετάφραση) ή αλλιώς ψύκτρα μνήμης, βελτιώνεις την απώλεια της θερμότητας που παράγουν τα τσιπάκια της μνήμης. Λιγότερη θερμότητα σημαίνει πιο σταθερή λειτουργία και λιγότερα σφάλματα. Η ψύκτρα μνημών της Nexus είναι διαθέσιμη σε πολλά χρώματα.\n<p>Συμβατή με όλα τα στάνταρ    SDR / DDR SDRAM. </p>\n<p>Έρχεται σε διάφορα χρώματα σε αλουμινίο και ολόχαλκη.</p>\n<h4>Προδιαγραφές:<br />\n</h4>\n<p>   - Αριθμός μοντέλου: HSP-230BU (Μπλε αλουμινίου) <br />\n- Διαστάσεις: 125x25 mm<br />\n- Μνήμη: SDRAM και DDR <br />\n- Βάρος: 70 γραμμάρια<br />\n- Εγγύηση:                    <strong>3 Χρόνια</strong> </p>', 9.50, 5.00),
(26, 9, 'german', '', '', 0.00, 0.00),
(27, 9, 'english', '', '', 0.00, 0.00),
(28, 10, 'greek', 'Heatspreader (ψύκτρα) μνήμης χάλκινη', '<p> Με το heatspreader, δηλαδή απλωτής θερμότητας (ελεύθερη μετάφραση) ή αλλιώς ψύκτρα μνήμης, βελτιώνεις την απώλεια της θερμότητας που παράγουν τα τσιπάκια της μνήμης. Λιγότερη θερμότητα σημαίνει πιο σταθερή λειτουργία και λιγότερα σφάλματα. Η ψύκτρα μνημών της Nexus είναι διαθέσιμη σε πολλά χρώματα.</p>\n<p>Συμβατή με όλα τα στάνταρ    SDR / DDR SDRAM. </p>\n<p>Έρχεται σε διάφορα χρώματα σε αλουμινίο και ολόχαλκη.</p>\n<h4>Προδιαγραφές:</h4>\n<p>- Αριθμός μοντέλου: HSP-350CU (Χάλκινη)<br />\n- Διαστάσεις: 125x25 mm<br />\n- Μνήμη: SDRAM και DDR <br />\n- Βάρος: 70 γραμμάρια<br />\n- Εγγύηση:                    <strong>3 Χρόνια</strong></p>', 11.50, 6.00),
(29, 10, 'german', '', '', 0.00, 0.00),
(30, 10, 'english', '', '', 0.00, 0.00),
(31, 11, 'greek', 'Καλώδιο μείωσης θορύβου', 'Το καλώδιο μείωσης θορύβου/ταχύτητας NRC-1000 της Nexus χαμηλώνει την τροφοδοσία του ανεμιστήρα από τα 12 βολτ στα 10 βολτ και συνεπώς χαμηλώνουν και οι στροφές του ανεμιστήρα. Λιγότερες στροφές σημαίνει και λιγότερος θόρυβος.\n<p>Επίσης μπορεί να χρησιμοποιηθεί για επιμήκυνση σε περίπτωση που το καλώδιο του ανεμιστήρα δεν φτάνει να κουμπώσει στη μητρική.</p>\n<p>Χαρακτηριστικά:<br />\n- Μειώνει την τάση από 12 σε 10 βολτ. <br />\n- Μήκος: 22,5 cm<br />\n- Συνδετήρας 3-ακροδεκτών<br />\n- Εγγύηση:                    <strong>3 Χρόνια</strong></p>', 2.50, 1.50),
(32, 11, 'german', '', '', 0.00, 0.00),
(33, 11, 'english', '', '', 0.00, 0.00),
(34, 12, 'greek', 'Στηρίγματα Σιλικόνης για Ανεμιστήρες', '<h3>Απορρόφηση δονήσεων των ανεμιστήρων</h3>\n<p>Τα πολύ μαλακά στηρίγματα από σιλικόνη σχεδιάστηκαν για να εξαλείφουν το θόρυβο που παράγεται από της δονήσεις των ανεμιστήρων που βρίσκονται στερεωμένα στο σασί του υπολογιστή.</p>\n<p>Ένας ανεμιστήρας που έρχεται σε επαφή με το σασί του υπολογιστή δημιουργεί δονήσεις κατά τη διάρκεια της λειτουργίας του. Αυτές οι δονήσεις προκαλούν αρκετά ενοχλητικούς ήχους και θορύβους. Αντικαθιστώντας τις βίδες με τα πολύ μαλακά στηρίγματα σιλικόνης σταματάτε απλά και αποτελεσματικά τις δονήσεις.</p>\n<p>Τα στηρίγματα αυτά έχουν κατασκευαστεί από την καλύτερη σιλικόνη και εγγυώνται αποτελεσματικότητα και αντοχή.</p>\n<p>Τα στηρίγματα είναι γενικής χρήσεως και ταιριάζουν με τους περισσότερους ανεμιστήρες και σασί υπολογιστών.<br />\n</p>\n<h4>   Χαρακτηριστικά:</h4>\n<p>   - περιέχονται 4 κομμάτια<br />\n- Πολύ μαλακή και εύκαμπτη σιλικόνη<br />\n- Έξοχη ποιότητα, μεγάλη διάρκεια ζωής<br />\n- Γενική χρήση <br />\n- Σταματά τις δονήσεις αποτελεσματικά<br />\n- Είναι φιλικά προς το περιβάλλον σύμφωνα με τις οδηγίες των WEEE &amp; RoHS<br />\n- Εγγύηση:                    <strong>3 Χρόνια</strong><br />\n<br />\nΓρήγορα, αποτελεσματικά και εύκολα στην εγκατάσταση!</p>', 2.50, 1.50),
(35, 12, 'german', '', '', 0.00, 0.00),
(36, 12, 'english', '', '', 0.00, 0.00),
(37, 13, 'greek', 'Θερμοαγώγιμη Πάστα με 10% ασήμι', '<p>Ποτέ δεν μπορείς να έχεις αρκετή θερμοαγώγιμη πάστα ... τουλάχιστον όταν αλλάζεις ή αφαιρείς την ψύκτρα του επεξεργαστή σου. Ή όταν συναρμολογείς υπολογιστές σε συχνή βάση.</p>\n<p>Για να σε βοηθήσουμε προσφέρουμε σύριγγα 1.0 γραμμαρίου θερμοαγώγιμης πάστας με 10% ασήμι.</p>\n<p>Καλή, στέρεη θερμοαγώγιμη πάστα με εξαιρετικές επιδόσεις και σε λογική τιμή. </p>\n<h4>   Χαρακτηριστικά:</h4>\n<p>   - Θερμική αγωγιμότητα: &gt;7.5W/m-k <br />\n- Θερμική αντίσταση: &lt;0.06°C-in²/W <br />\n- Περιέχει 10% ασήμι <br />\n- για ψύκτρες επεξεργαστών</p>', 0.00, 2.00),
(38, 13, 'german', '', '', 0.00, 0.00),
(39, 13, 'english', '', '', 0.00, 0.00),
(40, 14, 'greek', 'DiskTwin - Αντικραδασμικό HDD - Αλουμίνιο', '<p>Το DiskTwin της Nexus είναι η ιδανική λύση για να γλιτώσεις από κάθε δόνηση και θόρυβο από αντιχήσεις του σκληρού δίσκου. Έχεις βαρεθεί το βουητό που κάνει ο δίσκος; Ή μήπως κάνει ο δίσκος σου κραδασμούς πάνω στο σασί; Το DiskTwin θα σε βγάλει από τη δυστυχία σου.</p>\n<p>Το DiskTwin είναι φτιαγμένο από δύο κομμάτια από στέρεο αλουμίνιο που αυξάνει την θερμική επιφάνεια του σκληρού δίσκου καθώς και κάθε κομμάτι είναι εξοπλισμένο με δύο τμήματα υψηλής ποιότητας λαστιχένια μπλοκ που απορροφούν τους κραδασμούς. Απλά αφαίρεσε τον σκληρό σου δίσκο από τον υπολογιστή και στερέωσε το DiskTwin στις δύο πλευρές του 3.5 ιντζών δίσκου. Έπειτα επανατοποθέτησε τον δίσκο σε μία ελεύθερη φατνία των 5.25 ιντζών και είσαι έτοιμος!</p>\n<p>Το DiskTwin θα σταματήσει οποιοδήποτε θόρυβο από κραδασμό του σκληρού δίσκου και θα μεγιστοποιήσει την ψύξη του.</p>\n<p>Υψηλή ποιότητα λαστιχένιων αντικραδασμικών μπλοκ.<br />\n</p>\n<p>Ψύκτρα αλουμινίου με θερμικά pad για ακόμη πιο αποδοτική ψύξη.</p>\n<p>Ο 3.5 ιντζών σκληρός δίσκος εφοδιασμένος με το DiskTwin χωρά σε φατνία των 5.25 ιντζών.</p>\n<h4>Προδιαγραφές:<br />\n</h4>\n- Αριθμός μοντέλου:                 DTW-2300A<br />\n- Διαστάσεις:                      146.81x26.15x18.8 mm 	 <br />\n- Συμβατότητα:&#160;                 σκληρός δίσκος 3.5 ιντζών<br />\n- Βάρος:                       105 γραμμάρια (ανά μονάδα) 	 <br />\n- Υλικά:                    Αλουμίνιο, Λάστιχο, Θερμικά Pad, Βίδες Στερέωσης<br />\n- Εγγύηση:                    <strong>3 Χρόνια</strong><br />\n<br />\n<h4>Οδηγίες εγκατάστασης:</h4>\n<br />\n1)  Καθάρισε τις δύο επιφάνειες του σκληρού δίσκου όπου θα τοποθετηθεί το DiskTwin, αφαιρώντας σκόνη και λίπος από δακτυλιές.<br />\n<br />\n2)  Στερέωσε το DiskTwin στις πλευρές του σκληρού δίσκου χρησιμοποιώντας τις βίδες που περιλαμβάνονται (των 14mm). Πίεσε τις βίδες ώστε να περάσουν το λαστιχένιο μπλοκ μέχρι τις τρύπες στήριξης του σκληρού δίσκου και βίδωσέ τες.<br />\n<br />\n3)  Στερέωσε το σκληρό δίσκο με το DiskTwin σε μία φατνία των 5.25 ιντζών στο σύστημά σου χρησιμοποιώντας τις βίδες που περιέχονται (των 7,5mm)<br />\n<br />\n4)  Επανατοποθέτησε τους συνδετήρες και τα καλώδια του σκληρού σου.', 17.00, 11.00),
(41, 14, 'german', '', '', 0.00, 0.00),
(42, 14, 'english', '', '', 0.00, 0.00),
(43, 15, 'greek', 'DiskTwin - Αντικραδασμικό HDD - Μαύρο', '<p>Το DiskTwin της Nexus είναι η ιδανική λύση για να γλιτώσεις από κάθε δόνηση και θόρυβο από αντιχήσεις του σκληρού δίσκου. Έχεις βαρεθεί το βουητό που κάνει ο δίσκος; Ή μήπως κάνει ο δίσκος σου κραδασμούς πάνω στο σασί; Το DiskTwin θα σε βγάλει από τη δυστυχία σου.</p>\n<p>Το DiskTwin είναι φτιαγμένο από δύο κομμάτια από στέρεο αλουμίνιο που αυξάνει την θερμική επιφάνεια του σκληρού δίσκου καθώς και κάθε κομμάτι είναι εξοπλισμένο με δύο τμήματα υψηλής ποιότητας λαστιχένια μπλοκ που απορροφούν τους κραδασμούς. Απλά αφαίρεσε τον σκληρό σου δίσκο από τον υπολογιστή και στερέωσε το DiskTwin στις δύο πλευρές του 3.5 ιντζών δίσκου. Έπειτα επανατοποθέτησε τον δίσκο σε μία ελεύθερη φατνία των 5.25 ιντζών και είσαι έτοιμος!</p>\n<p>Το DiskTwin θα σταματήσει οποιοδήποτε θόρυβο από κραδασμό του σκληρού δίσκου και θα μεγιστοποιήσει την ψύξη του.</p>\n<p>Υψηλή ποιότητα λαστιχένιων αντικραδασμικών μπλοκ.<br />\n</p>\n<p>Ψύκτρα αλουμινίου με θερμικά pad για ακόμη πιο αποδοτική ψύξη.</p>\n<p>Ο 3.5 ιντζών σκληρός δίσκος εφοδιασμένος με το DiskTwin χωρά σε φατνία των 5.25 ιντζών.</p>\n<h4>Προδιαγραφές:<br />\n</h4>\n- Αριθμός μοντέλου:                 DTW-2300Β<br />\n- Διαστάσεις:                      146.81x26.15x18.8 mm 	 <br />\n- Συμβατότητα:&#160;                 σκληρός δίσκος 3.5 ιντζών<br />\n- Βάρος:                       105 γραμμάρια (ανά μονάδα) 	 <br />\n- Υλικά:                    Αλουμίνιο, Λάστιχο, Θερμικά Pad, Βίδες Στερέωσης<br />\n- Εγγύηση:                    <strong>3 Χρόνια</strong><br />\n<br />\n<h4>Οδηγίες εγκατάστασης:</h4>\n<br />\n1)  Καθάρισε τις δύο επιφάνειες του σκληρού δίσκου όπου θα τοποθετηθεί το DiskTwin, αφαιρώντας σκόνη και λίπος από δακτυλιές.<br />\n<br />\n2) Στερέωσε το DiskTwin στις πλευρές του σκληρού δίσκου χρησιμοποιώντας τις βίδες που περιλαμβάνονται (των 14mm). Πίεσε τις βίδες ώστε να περάσουν το λαστιχένιο μπλοκ μέχρι τις τρύπες στήριξης του σκληρού δίσκου και βίδωσέ τες.<br />\n<br />\n3) Στερέωσε το σκληρό δίσκο με το DiskTwin σε μία φατνία των 5.25 ιντζών στο σύστημά σου χρησιμοποιώντας τις βίδες που περιέχονται (των 7,5mm)<br />\n<br />\n4)  Επανατοποθέτησε τους συνδετήρες και τα καλώδια του σκληρού σου.', 17.00, 11.00),
(44, 15, 'german', '', '', 0.00, 0.00),
(45, 15, 'english', '', '', 0.00, 0.00),
(46, 16, 'greek', 'DampTek - εξαιρετικό στην απορρόφηση θορύβων', 'Το DampTek® της Nexus είναι υλικό απορρόφησης θορύβων τελευταίας τεχνολογίας. Τα υλικά από τα οποία αποτελείται είναι τα πιο αποδοτικά, στην μόνωση και στην απορρόφηση των συχνοτήτων που βγαίνουν από το σύστημά σου. Το DampTek® αποτελείται από ένα εμπόδιο μάζας 1.5mm για να μονώνει το θόρυβο και από 6mm αφρώδους στρώματος για να απορροφά πολλαπλές συχνότητες.<br />\n<br />\nΤο πακέτο του DampTek® περιλαμβάνει <strong>τρία</strong> από αυτά τα φύλλα που είναι υψηλής ποιότητας υλικά με αυτοκόλλητη πλάτη. Το φύλλο είναι εύκολο στο κόψιμο έτσι ώστε να το κόψεις στα μέτρα σου, καθώς και πολύ εύκολο στην εγκατάσταση αφού η αυτοκόλλητη πλάτη σου επιτρέπει να το επανατοποθείσεις αν δεν ταίριαξε καλά. Αυτά τα τρία φύλλα είναι υπεραρκετά για να φτάσουν για την πλειοψηφία των κουτιών που κυκλοφορούν στην αγορά από midi tower έως και τα πιο μεγάλα full tower.<br />\n<br />\nΕίναι ένα υπέροχο προϊόν για να μετατρέψεις το σύστημά σου από θορυβώδες σε <strong>ήσυχο </strong>που θα σε αφήνει να κοιμάσαι το βράδυ και να δουλεύεις χωρίς πονοκεφάλους!<br />\n<h4>Λεπτομέρειες Αφρώδους στρώματος:</h4>\nΤο αφρώδες στρώμα του DampTek® απορροφά τους ήχους με ανοικτά κελιά. Παρασκευάζεται με βάση συνθετικής μελαμίνης και μπορεί να αντέξει υψηλές θερμοκρασίες καθώς και φωτιά! Έχει εξαιρετικές ιδιότητες στην απορρόφηση του ήχου. Το αφρώδες υλικό σε συνδυασμό με το εμπόδιο στην πλάτη προορίζονται για το εσωτερικό του κουτιού.<br />\n<h4>Λεπτομέρειες στρώματος Εμποδίου:</h4>\nΤο στρώμα "εμποδίου" είναι ένα εύκαμπτο συνθετικό ηχο-μονωτικό υλικό φτιαγμένο από θερμοπλαστικό, μη-βουλκανισμένο λάστιχο και ορυκτά σε μορφή σκόνης. Η μικρή σχετικά μάζα του κάνει το στρώμα "εμποδίου" του DampTek® είναι εξαιρετικός μονωτής θορύβου στο PC. Ακριβώς από πίσω από αυτό το στρώμα βρίσκεται η αυτοκόλλητη πλάτη.<br />\n<h4>Με μια ματιά:</h4>\nΤο στρώμα αφρού είναι ανθεκτικό στη φωτιά, και σβήνει μόνο του.<br />\n<br />\nΑυτοκόλλητο<br />\n<br />\nΕύκολο στο κόψιμο και στη διαμόρφωση<br />\n<h4>  	Προδιαγραφές:</h4>\n- Αριθμός Μοντέλου:                 Damptek Mats<br />\n- Το πακέτο περιλαμβάνει:               <strong>3 φύλλα</strong> απορρόφησης θορύβου<br />\n- Διαστάσεις ανά φύλλο: 40 x 50 cm (πίστεψέ με είναι αρκετά μεγάλο !)<br />\n- Πάχος:                        7.5 mm περίπου (1.5 mm στρώμα εμποδίου και 6 mm αφρώδες στρώμα) 	 <br />\n- Βάρος:                       <strong>3 κιλά!</strong>', 50.00, 35.00),
(47, 16, 'german', '', '', 0.00, 0.00),
(48, 16, 'english', '', '', 50.00, 0.00),
(49, 17, 'greek', 'Αντικραδασμικό Κιτ 60 τεμαχίων!', 'Το αντικραδασμικό κιτ στερέωσης της Nexus είναι ένα εύκολο στη χρήση όλα σε ένα κιτ που θα ελαχιστοποιήσει τους κραδασμούς και τους θορύβους που παράγονται από τους ανεμιστήρες του επεξεργαστή, ανεμιστήρες κουτιού, και του σκληρού δίσκου. Επίσης περιλαμβάνει 4 μαλακά ποδαράκια για το κουτί σου.<br />\n<h4> 12 Ελαστικά Τεμάχια στερέωσης ανεμιστήρων για ανεμιστήρες ανοικτού σασί και άλλα 12 για ανεμιστήρες κλειστού σασί</h4>\n* Αποτρέπουν τη μετήχηση, απορροφούν τους κραδασμούς που σε διαφορετική περίπτωση θα μεταφερόταν από τον ανεμιστήρα στο κουτί του υπολογιστή.<br />\n* 12 κομμάτια για τη χρήση σε ανεμιστήρες ανοικτού σασί (βλέπε εικόνα).<br />\n* 12 κομμάτια για τη χρήση σε ανεμιστήρες κλειστού σασί (βλέπε εικόνα).<br />\n* 4 κομμάτια για κάθε ανεμιστήρα που σημαίνει πως φτάνουν για τη στερέωση 3 ανεμιστήρων.\n<h4>12 κομμάτια ροδέλων από λάστιχο μαζί με τις βίδες για τη στερέωση σκληρού δίσκου</h4>\n* Βοηθούν στη μείωση της μεταφοράς του θορύβου που παράγεται από τις δονήσεις του σκληρού δίσκου. Απομονώνει το σκληρό δίσκο από το σασί.<br />\n* Κατάλληλο για δίσκους 3.5 καθώς και 2.5 ιντζών.<br />\n* 4 κομμάτια για κάθε σκληρό δίσκο, επομένως φτάνουν για συνολικά 3 σκληρούς δίσκους.<br />\n<h4> 4 κομμάτια λαστιχένια αυτοκόλλητα πόδια</h4>\n* Υπέροχα μαλακά λαστιχένια πόδια για να αντικαταστήσετε τα πλαστικά σκληρά του κουτιού σου.<br />\n* Αποτρέπουν την μεταφορά κραδασμών από το pc στο γραφείο ή στο πάτωμα.<br />\n* Με αυτοκόλλητη ταινία.<br />\n* Μπορεί επίσης να χρησιμοποιηθεί για εκτυπωτές, ηχεία κλπ.<br />\n<h4> 20 κομμάτια tie wrap (δετήρες)</h4>\n* Διάφανοι πλαστικοί δετήρες.<br />\n* Για να δέσεις και να συμμαζέψεις τα σκόρπια καλώδια. Έτσι δεν θα χτυπούν τους ανεμιστήρες και θα γλιτώνεις από ενοχλητικούς θορύβους. Επίσης θα βελτιωθεί και η ροή αέρα αφού δεν θα βρίσκει εμπόδια στα καλώδια.<br />\n* 9 εκατοστά μήκος.<br />\n<h4>Προδιαγραφές:</h4>\n- Αριθμός μοντέλου:                 MTK-6000<br />\n- Εγγύηση:                    <strong>3 Χρόνια</strong><br />\n- Το πακέτο περιέχει:                       <br />\n<br />\n12 Ελαστικά Τεμάχια στερέωσης ανεμιστήρων για ανεμιστήρες ανοικτού σασί και άλλα 12 για ανεμιστήρες κλειστού σασί<br />\n<img alt="" src="http://www.cool-clean-quiet.com/uploads/Image/products/nexus_mounting_kit/mountingkit_rmounts.jpg" /><img alt="" src="http://www.cool-clean-quiet.com/uploads/Image/products/nexus_mounting_kit/mountingkit_rmountsdrw.jpg" /><img alt="" src="http://www.cool-clean-quiet.com/uploads/Image/products/nexus_mounting_kit/mountingkit_rmountsl.jpg" /><img alt="" src="http://www.cool-clean-quiet.com/uploads/Image/products/nexus_mounting_kit/mountingkit_rmountsldr.jpg" /><br />\n<br />\nΕδώ μπορείτε να δείτε τη διαφορά ενός ανεμιστήρα ανοικτού σασί και ενός κλειστού σασί.<br />\n<img src="http://www.cool-clean-quiet.com/uploads/Image/products/nexus_mounting_kit/mountingkit_fans.jpg" alt="" /><br />\n12 κομμάτια ροδέλων από λάστιχο μαζί με τις βίδες για τη στερέωση σκληρού δίσκου<br />\n<img alt="" src="http://www.cool-clean-quiet.com/uploads/Image/products/nexus_mounting_kit/mountingkit_hddmounts.jpg" /><img alt="" src="http://www.cool-clean-quiet.com/uploads/Image/products/nexus_mounting_kit/mountingkit_hddmountsdrw.jpg" /><br />\nΜπορούν να χρησιμοποιηθούν και σε άλλα στοιχεία (hardware)!<br />\n<br />\n4 κομμάτια λαστιχένια αυτοκόλλητα πόδια<br />\n<img alt="" src="http://www.cool-clean-quiet.com/uploads/Image/products/nexus_mounting_kit/mountingkit_feet.jpg" /><img alt="" src="http://www.cool-clean-quiet.com/uploads/Image/products/nexus_mounting_kit/mountingkit_feetdrw.jpg" /><br />\n20 κομμάτια tie wrap (δετήρες)<br />\n<img alt="" src="http://www.cool-clean-quiet.com/uploads/Image/products/nexus_mounting_kit/mountingkit_tierap.jpg" />', 18.50, 13.00),
(50, 17, 'german', '', '', 0.00, 0.00),
(51, 17, 'english', '', '', 0.00, 0.00),
(52, 18, 'greek', '2x Ανεμιστήρας - 80mm + Αντικραδασμικό Κιτ + Frizzbee', '<h3>Καλοκαιρινή Π Ρ Ο Σ Φ Ο Ρ Α !</h3>\n<h3>&#160;</h3>\nΔροσιστικό πακέτο με:<br />\n<br />\n<strong>Δύο</strong> Πραγματικά Ήσυχους Ανεμιστήρες - 80 mm (πληροφορίες <a href="http://www.cool-clean-quiet.com/product/index/greek/real-silent-case-fan-80mm">εδώ</a>)<br />\n<strong>+ Frizzbee</strong> (πληροφορίες <a href="http://www.cool-clean-quiet.com/product/index/greek/frizzbee-inaudible-hdd-cooler">εδώ</a>)<br />\n+ <strong>Αντικραδασμικό Κιτ 60 τεμαχίων!</strong> (πληροφορίες <a href="http://www.cool-clean-quiet.com/product/index/greek/anti-vibration-mounting-kit">εδώ</a>)<br />\n<br />\n<strong>Σε τιμή έκπληξη!</strong>', 52.00, 42.00),
(53, 18, 'german', '', '', 0.00, 0.00),
(54, 18, 'english', '', '', 52.00, 0.00),
(55, 19, 'greek', '2x Heatspreader μπλε + Πραγματικά Ήσυχος Ανεμιστήρας - 120mm + DiskTwin', '<h3>Καλοκαιρινή Π Ρ Ο Σ Φ Ο Ρ Α !</h3>\n<h3>&#160;</h3>\nΔροσιστικό &amp; Ήσυχο πακέτο με:<br />\n<br />\n<strong>Δύο</strong> Heatspreader (ψύκτρα) μνήμης μπλε<br />\n+ Πραγματικά Ήσυχος Ανεμιστήρας - 120 mm (<a href="http://www.cool-clean-quiet.com/product/index/greek/real-silent-case-fan-120mm-orange">πορτοκαλί</a> ή <a href="http://www.cool-clean-quiet.com/product/index/greek/real-silent-case-fan-80mm">άσπρο/μαύρο</a>)<br />\n+ DiskTwin - Αντικραδασμικό σκληρού δίσκου (<a href="http://www.cool-clean-quiet.com/product/index/greek/disktwin-stop-hdd-vibration-black">μαύρο</a> ή <a href="http://www.cool-clean-quiet.com/product/index/greek/disktwin-stop-hdd-vibration-aluminium">αλουμίνιο</a>)<br />\n<br />\n<strong>Σε τιμή έκπληξη!</strong>', 50.00, 40.00),
(56, 19, 'german', '', '', 0.00, 0.00),
(57, 19, 'english', '', '', 50.00, 0.00),
(58, 20, 'greek', 'DampTek + DiskTwin + Στηρίγματα Σιλικόνης + Καλώδιο μείωσης θορύβου', '<h3>Καλοκαιρινή Π Ρ Ο Σ Φ Ο Ρ Α !</h3>\n<h3>&#160;</h3>\nΤελείως <strong>Αθόρυβο</strong> πακέτο με:<br />\n<br />\n<strong>DampTek</strong> - εξαιρετικό στην απορρόφηση θορύβων<br />\n+ <strong>DiskTwin</strong> - Αντικραδασμικό σκληρού δίσκου (<a href="http://www.cool-clean-quiet.com/product/index/greek/disktwin-stop-hdd-vibration-black">μαύρο</a> ή <a href="http://www.cool-clean-quiet.com/product/index/greek/disktwin-stop-hdd-vibration-aluminium">αλουμίνιο</a>)<br />\n+ Στηρίγματα Σιλικόνης για Ανεμιστήρες (πληροφορίες <a href="http://www.cool-clean-quiet.com/product/index/greek/real-soft-silicon-fan-mounts">εδώ</a>)<br />\n+ Καλώδιο μείωσης θορύβου (πληροφορίες <a href="http://www.cool-clean-quiet.com/product/index/greek/noise-reduction-cable">εδώ</a>)<br />\n<strong><br />\nΣε τιμή έκπληξη!</strong>', 72.00, 58.00),
(59, 20, 'german', '', '', 0.00, 0.00),
(60, 20, 'english', '', '', 72.00, 0.00);

-- --------------------------------------------------------

--
-- Table structure for table `user`
--

CREATE TABLE IF NOT EXISTS `user` (
  `user_id` bigint(20) unsigned NOT NULL auto_increment,
  `user_code` varchar(60) NOT NULL default '',
  `user_name` varchar(50) NOT NULL default '',
  `user_surname` varchar(50) NOT NULL default '',
  `user_email` varchar(100) default NULL,
  `user_url` varchar(100) default NULL,
  `user_birthdate` int(11) default '0',
  `user_address` varchar(250) NOT NULL default '',
  `user_city` varchar(100) NOT NULL default '',
  `user_zip` int(11) NOT NULL default '0',
  `user_country` varchar(20) NOT NULL default '',
  `user_phone` varchar(20) NOT NULL default '',
  `user_language` varchar(20) NOT NULL default '',
  `user_registered` int(11) NOT NULL default '0',
  `user_stars` int(11) NOT NULL default '0',
  PRIMARY KEY  (`user_id`),
  KEY `user_email` (`user_email`)
) ENGINE=MyISAM  DEFAULT CHARSET=utf8 AUTO_INCREMENT=62 ;

--
-- Dumping data for table `user`
--

INSERT INTO `user` (`user_id`, `user_code`, `user_name`, `user_surname`, `user_email`, `user_url`, `user_birthdate`, `user_address`, `user_city`, `user_zip`, `user_country`, `user_phone`, `user_language`, `user_registered`, `user_stars`) VALUES
(7, 'gm102', 'John', 'Doe', '', 'http://', 1181491136, 'Some Address', 'Some City', 123456, 'Ελλάδα', '6940000000', 'greek', 1181491136, 15);
